"","Year 1 CESD proportion","Year 2 CESD proportion"
"1",0.28239608801956,0.249388753056235
